products,brand,Product Type,gender,baseColour,masterCategory,subCategory,Price,Image URL,Product Name
"[{'brand': 'H&M', 'price': '$ 9.99', 'images': 'https://image.hm.com/assets/hm/b7/ba/b7badc5c4ba7e259123cbd84c4e5bc99b22058fc.jpg?imwidth=1536', 'product_name': 'Fitted T-shirt'}, {'brand': 'H&M', 'price': '$ 34.99', 'images': 'https://image.hm.com/assets/hm/76/12/7612ffada80beed6e2fe67971928434712c01ac1.jpg?imwidth=1536', 'product_name': 'Long Suit Vest'}, {'brand': 'H&M', 'price': '$ 19.99', 'images': 'https://image.hm.com/assets/hm/04/26/0426339b9ae316ecc9ecc7786d8fa1f0276612d8.jpg?imwidth=1536', 'product_name': 'Slacks'}, {'brand': 'H&M', 'price': '$ 29.99', 'images': 'https://image.hm.com/assets/hm/0e/fa/0efa468ccce8d000617d80e7234271d8b2f61bc2.jpg?imwidth=1536', 'product_name': 'Ruffle-trimmed Oxford Blouse'}, {'brand': 'H&M', 'price': '$ 29.99', 'images': 'https://image.hm.com/assets/hm/04/26/0426339b9ae316ecc9ecc7786d8fa1f0276612d8.jpg?imwidth=1536', 'product_name': 'Cable-Knit Cardigan'}, {'brand': 'H&M', 'price': '$ 29.99', 'images': 'https://image.hm.com/assets/hm/04/26/0426339b9ae316ecc9ecc7786d8fa1f0276612d8.jpg?imwidth=1536', 'product_name': 'Denim Pull-on Pants'}, {'brand': 'H&M', 'price': '$ 17.99', 'images': 'https://image.hm.com/assets/hm/04/26/0426339b9ae316ecc9ecc7786d8fa1f0276612d8.jpg?imwidth=1536', 'product_name': 'Wide-leg Joggers'}, {'brand': 'H&M', 'price': '$ 34.99', 'images': 'https://image.hm.com/assets/hm/04/26/0426339b9ae316ecc9ecc7786d8fa1f0276612d8.jpg?imwidth=1536', 'product_name': 'Long Puff-Sleeved Dress'}, {'brand': 'H&M', 'price': '$ 44.99', 'images': 'https://image.hm.com/assets/hm/04/26/0426339b9ae316ecc9ecc7786d8fa1f0276612d8.jpg?imwidth=1536', 'product_name': 'Flounce-Trimmed Denim Shirt'}, {'brand': 'H&M', 'price': '$ 24.99', 'images': 'https://image.hm.com/assets/hm/04/26/0426339b9ae316ecc9ecc7786d8fa1f0276612d8.jpg?imwidth=1536', 'product_name': 'Loose-Fit Cardigan'}, {'brand': 'H&M', 'price': '$ 34.99', 'images': 'https://image.hm.com/assets/hm/04/26/0426339b9ae316ecc9ecc7786d8fa1f0276612d8.jpg?imwidth=1536', 'product_name': 'Oversized Denim Shirt'}, {'brand': 'H&M', 'price': '$ 29.99', 'images': 'https://image.hm.com/assets/hm/04/26/0426339b9ae316ecc9ecc7786d8fa1f0276612d8.jpg?imwidth=1536', 'product_name': 'Braided Flats'}, {'brand': 'H&M', 'price': '$ 39.99', 'images': 'https://image.hm.com/assets/hm/04/26/0426339b9ae316ecc9ecc7786d8fa1f0276612d8.jpg?imwidth=1536', 'product_name': 'Fitted Blazer'}, {'brand': 'H&M', 'price': '$ 39.99', 'images': 'https://image.hm.com/assets/hm/04/26/0426339b9ae316ecc9ecc7786d8fa1f0276612d8.jpg?imwidth=1536', 'product_name': 'Flounced Chiffon Dress'}, {'brand': 'H&M', 'price': '$ 24.99', 'images': 'https://image.hm.com/assets/hm/04/26/0426339b9ae316ecc9ecc7786d8fa1f0276612d8.jpg?imwidth=1536', 'product_name': 'Suit Vest'}, {'brand': 'H&M', 'price': '$ 29.99', 'images': 'https://image.hm.com/assets/hm/04/26/0426339b9ae316ecc9ecc7786d8fa1f0276612d8.jpg?imwidth=1536', 'product_name': 'Tie-Detail Cotton Dress'}, {'brand': 'H&M', 'price': '$ 24.99', 'images': 'https://image.hm.com/assets/hm/04/26/0426339b9ae316ecc9ecc7786d8fa1f0276612d8.jpg?imwidth=1536', 'product_name': 'High Rise Slim Leg Mom Jeans'}, {'brand': 'H&M', 'price': '$ 29.99', 'images': 'https://image.hm.com/assets/hm/04/26/0426339b9ae316ecc9ecc7786d8fa1f0276612d8.jpg?imwidth=1536', 'product_name': 'Midi Skirt'}, {'brand': 'H&M', 'price': '$ 29.99', 'images': 'https://image.hm.com/assets/hm/04/26/0426339b9ae316ecc9ecc7786d8fa1f0276612d8.jpg?imwidth=1536', 'product_name': 'Embroidered Blouse with Peter Pan Collar'}, {'brand': 'H&M', 'price': '$ 7.99', 'images': 'https://image.hm.com/assets/hm/04/26/0426339b9ae316ecc9ecc7786d8fa1f0276612d8.jpg?imwidth=1536', 'product_name': 'Oversized T-shirt'}, {'brand': 'H&M', 'price': '$ 34.99', 'images': 'https://image.hm.com/assets/hm/04/26/0426339b9ae316ecc9ecc7786d8fa1f0276612d8.jpg?imwidth=1536', 'product_name': 'Tie-Detail Poplin Skirt'}, {'brand': 'H&M', 'price': '$ 69.99', 'images': 'https://image.hm.com/assets/hm/04/26/0426339b9ae316ecc9ecc7786d8fa1f0276612d8.jpg?imwidth=1536', 'product_name': 'Short Trench Coat'}, {'brand': 'H&M', 'price': '$ 19.99', 'images': 'https://image.hm.com/assets/hm/04/26/0426339b9ae316ecc9ecc7786d8fa1f0276612d8.jpg?imwidth=1536', 'product_name': 'Oversized Sweatshirt'}, {'brand': 'H&M', 'price': '$ 49.99', 'images': 'https://image.hm.com/assets/hm/04/26/0426339b9ae316ecc9ecc7786d8fa1f0276612d8.jpg?imwidth=1536', 'product_name': 'Short Twill Trench Coat'}, {'brand': 'H&M', 'price': '$ 34.99', 'images': 'https://image.hm.com/assets/hm/04/26/0426339b9ae316ecc9ecc7786d8fa1f0276612d8.jpg?imwidth=1536', 'product_name': 'Tie-belt viscose shirt dress'}, {'brand': 'H&M', 'price': '$ 29.99', 'images': 'https://image.hm.com/assets/hm/04/26/0426339b9ae316ecc9ecc7786d8fa1f0276612d8.jpg?imwidth=1536', 'product_name': 'Denim Drawstring Pants'}, {'brand': 'H&M', 'price': '$ 29.99', 'images': 'https://image.hm.com/assets/hm/04/26/0426339b9ae316ecc9ecc7786d8fa1f0276612d8.jpg?imwidth=1536', 'product_name': 'Ava Ultra High Rise Wide Leg Jeans'}, {'brand': 'H&M', 'price': '$ 29.99', 'images': 'https://image.hm.com/assets/hm/04/26/0426339b9ae316ecc9ecc7786d8fa1f0276612d8.jpg?imwidth=1536', 'product_name': 'Lyocell Denim Shirt'}, {'brand': 'H&M', 'price': '$ 59.99', 'images': 'https://image.hm.com/assets/hm/24/3e/243e7d0df1035f1444365c2403b901387ff22b45.jpg?imwidth=1536', 'product_name': 'Double-breasted Trench Coat'}, {'brand': 'H&M', 'price': '$ 44.99', 'images': 'https://image.hm.com/assets/hm/51/0a/510a14ab1cb37af2976c04df45f3da9a58c7608e.jpg?imwidth=1536', 'product_name': 'Loose-Fit Blazer'}, {'brand': 'H&M', 'price': '$ 54.99', 'images': 'https://image.hm.com/assets/hm/a4/c5/a4c527fcd59570bbe23d19b13bd621e0f3bce7a7.jpg?imwidth=1536', 'product_name': 'Twill Trench Coat'}, {'brand': 'H&M', 'price': '$ 89.99', 'images': 'https://www2.hm.com/en_us/productpage.1266923001.html', 'product_name': 'Bonded Twill Coat'}, {'brand': 'H&M', 'price': '$ 69.99', 'images': 'https://www2.hm.com/en_us/productpage.1202758005.html', 'product_name': 'Double-breasted Twill Trench Coat'}, {'brand': 'H&M', 'price': '$ 44.99', 'images': 'https://www2.hm.com/en_us/productpage.1232584012.html', 'product_name': 'Double-Breasted Blazer'}, {'brand': 'H&M', 'price': '$ 74.99', 'images': 'https://www2.hm.com/en_us/productpage.1266913001.html', 'product_name': 'Belted trench coat'}, {'brand': 'H&M', 'price': '$ 74.99', 'images': 'https://www2.hm.com/en_us/productpage.1266924001.html', 'product_name': 'Water-Repellent Raincoat'}, {'brand': 'H&M', 'price': '$ 54.99', 'images': 'https://www2.hm.com/en_us/productpage.1261592001.html', 'product_name': 'Linen-Blend Blazer'}, {'brand': 'H&M', 'price': '$ 69.99', 'images': 'https://www2.hm.com/en_us/productpage.1258289001.html', 'product_name': 'Car Coat with Belt'}, {'brand': 'H&M', 'price': '$ 69.99', 'images': 'https://www2.hm.com/en_us/productpage.1269118001.html', 'product_name': 'Tie-Detail Felted Coat'}, {'brand': 'H&M', 'price': '$ 74.99', 'images': 'https://www2.hm.com/en_us/productpage.1246831001.html', 'product_name': 'Jacket with Collar'}, {'brand': 'H&M', 'price': '$ 59.99', 'images': 'https://www2.hm.com/en_us/productpage.1244590001.html', 'product_name': 'Button-Detail Jacket'}, {'brand': 'H&M', 'price': '$ 69.99', 'images': 'https://www2.hm.com/en_us/productpage.1228998002.html', 'product_name': 'Brushed-Finish Tie-Belt Coat'}, {'brand': 'H&M', 'price': '$49.99', 'images': 'https://image.hm.com/assets/hm/4e/c9/4ec98ca03cc86f292542146cafa15f65f39cdaf7.jpg?imwidth=1536', 'product_name': 'Wide-cut Jeans'}, {'brand': 'H&M', 'price': '$49.99', 'images': 'https://image.hm.com/assets/hm/f6/4d/f64d06d6e6e6bec45ac6b9f60118bd7087959021.jpg?imwidth=1536', 'product_name': 'Wide-Leg Linen-Blend Pants'}, {'brand': 'H&M', 'price': '$49.99', 'images': 'https://image.hm.com/assets/hm/f2/66/f2665a70b7aaacf7786c3b7b8ba5e7691f949997.jpg?imwidth=1536', 'product_name': 'Button-Front Dress'}, {'brand': 'H&M', 'price': '$49.99', 'images': 'https://image.hm.com/assets/hm/cc/07/cc0751ecb0c00048ca92d7ece653c2f1003239d4.jpg?imwidth=1536', 'product_name': 'Short-Sleeved Cardigan'}, {'brand': 'H&M', 'price': '$49.99', 'images': 'https://image.hm.com/assets/hm/49/2d/492d2a14f51ee83ab9557ddf507ad2f0d292ab27.jpg?imwidth=1536', 'product_name': 'Linen-Blend Wrap Skirt'}, {'brand': 'H&M', 'price': '$49.99', 'images': 'https://image.hm.com/assets/hm/35/be/35be308e96b766a75724ad473a0ad536f33e39b8.jpg?imwidth=1536', 'product_name': 'Wide-Leg Linen-Blend Pants'}, {'brand': 'H&M', 'price': '$49.99', 'images': 'https://image.hm.com/assets/hm/4e/5d/4e5dc77ee48237c417dbf14effecfbf644628acf.jpg?imwidth=1536', 'product_name': 'Textured-Knit Cardigan'}, {'brand': 'H&M', 'price': '$49.99', 'images': 'https://image.hm.com/assets/hm/5d/20/5d20e12fac9f9ac05f7134514030e6c8dab67b2a.jpg?imwidth=1536', 'product_name': 'Straight High Jeans'}, {'brand': 'H&M', 'price': '$49.99', 'images': 'https://image.hm.com/assets/hm/ec/02/ec020707ea44eb684366310896eb662e472f9dbc.jpg?imwidth=1536', 'product_name': 'Drawstring Poplin Blouse'}, {'brand': 'H&M', 'price': '$49.99', 'images': 'https://image.hm.com/assets/hm/bf/64/bf64ef82d34b76325c3d7cbdeb507183af16c32c.jpg?imwidth=1536', 'product_name': 'Twill Dress'}, {'brand': 'H&M', 'price': '$49.99', 'images': 'https://image.hm.com/assets/hm/0b/6e/0b6e78ae0b7988ebe5f774eeaba958b5292d95e4.jpg?imwidth=1536', 'product_name': 'Sphere-Detail Front-Back Earrings'}, {'brand': 'H&M', 'price': '$49.99', 'images': 'https://image.hm.com/assets/hm/8b/9c/8b9c7b116162ab617b6ae936dd1fd0646978eb08.jpg?imwidth=1536', 'product_name': 'Denim Skirt'}, {'brand': 'H&M', 'price': '$39.99', 'images': 'https://image.hm.com/assets/hm/1d/6a/1d6a5b5dbaac6a01a3e194b8cdd978aafa94061e.jpg?imwidth=1536', 'product_name': 'Cardigan with Defined Waist'}, {'brand': 'H&M', 'price': '$39.99', 'images': 'https://image.hm.com/assets/hm/4e/c9/4ec98ca03cc86f292542146cafa15f65f39cdaf7.jpg?imwidth=1536', 'product_name': 'High Rise Wide-cut Jeans'}, {'brand': 'H&M', 'price': '$39.99', 'images': 'https://image.hm.com/assets/hm/f6/4d/f64d06d6e6e6bec45ac6b9f60118bd7087959021.jpg?imwidth=1536', 'product_name': 'Wide-Leg Linen-Blend Pants'}, {'brand': 'H&M', 'price': '$39.99', 'images': 'https://image.hm.com/assets/hm/5d/20/5d20e12fac9f9ac05f7134514030e6c8dab67b2a.jpg?imwidth=1536', 'product_name': 'Straight High Jeans'}, {'brand': 'H&M', 'price': '$39.99', 'images': 'https://image.hm.com/assets/hm/35/be/35be308e96b766a75724ad473a0ad536f33e39b8.jpg?imwidth=1536', 'product_name': 'Wide-Leg Linen-Blend Pants'}, {'brand': 'H&M', 'price': '$39.99', 'images': 'https://image.hm.com/assets/hm/0b/6e/0b6e78ae0b7988ebe5f774eeaba958b5292d95e4.jpg?imwidth=1536', 'product_name': 'Sphere-Detail Front-Back Earrings'}, {'brand': 'H&M', 'price': '$39.99', 'images': 'https://image.hm.com/assets/hm/f2/66/f2665a70b7aaacf7786c3b7b8ba5e7691f949997.jpg?imwidth=1536', 'product_name': 'Button-Front Dress'}, {'brand': 'H&M', 'price': '$39.99', 'images': 'https://image.hm.com/assets/hm/4e/5d/4e5dc77ee48237c417dbf14effecfbf644628acf.jpg?imwidth=1536', 'product_name': 'Textured-Knit Cardigan'}, {'brand': 'H&M', 'price': '$39.99', 'images': 'https://image.hm.com/assets/hm/49/2d/492d2a14f51ee83ab9557ddf507ad2f0d292ab27.jpg?imwidth=1536', 'product_name': 'Linen-Blend Wrap Skirt'}, {'brand': 'H&M', 'price': '$39.99', 'images': 'https://image.hm.com/assets/hm/cc/07/cc0751ecb0c00048ca92d7ece653c2f1003239d4.jpg?imwidth=1536', 'product_name': 'Short-Sleeved Cardigan'}, {'brand': 'H&M', 'price': '$39.99', 'images': 'https://image.hm.com/assets/hm/ae/42/ae421bfd79c15c27850da11bbd685dfe8000b464.jpg?imwidth=1536', 'product_name': 'Flared-Skirt Twill Dress'}, {'brand': 'H&M', 'price': '$39.99', 'images': 'https://image.hm.com/assets/hm/bf/64/bf64ef82d34b76325c3d7cbdeb507183af16c32c.jpg?imwidth=1536', 'product_name': 'Twill Dress'}, {'brand': 'Billabong', 'price': 'A$145.00', 'images': 'https://i.localised.com/img/uo/product/ea40a3ac-afa7-4181-8cb2-dac9668ae88f_LARGE.jpg', 'product_name': 'Billabong Cloud Midi Dress'}, {'brand': 'Archive At UO | Urban Outfitters', 'price': '£7.00', 'images': 'https://imageseu.urbndata.com/is/image/UrbanOutfittersEU/0416439780158_060_b?$xlarge$&fit=constrain&qlt=80&wid=1314', 'product_name': 'Archive At UO Red Lace Mini Dress'}, {'brand': 'BDG | Urban Outfitters', 'price': '£46.00', 'images': 'https://imageseu.urbndata.com/is/image/UrbanOutfittersEU/0120593370423_040_b', 'product_name': 'BDG Violet Pleated Denim Midi Skirt'}, {'brand': 'Bluebella | Urban Outfitters', 'price': '80.00 GBP', 'images': 'https://imageseu.urbndata.com/is/image/UrbanOutfittersEU/0140450840041_017_b', 'product_name': 'Bluebella Elsa Diamond Lattice Cami'}, {'brand': 'Archive At UO | Urban Outfitters', 'price': '£27.00', 'images': 'https://imageseu.urbndata.com/is/image/UrbanOutfittersEU/0418643730344_001_b', 'product_name': 'Archive At UO Black Pinstripe Wide-Leg Trousers'}, {'brand': 'BDG | Urban Outfitters', 'price': '£19.00 – £23.00', 'images': 'https://imageseu.urbndata.com/is/image/UrbanOutfittersEU/0120593370413_020_b?$xlarge$&fit=constrain&qlt=80&wid=1314', 'product_name': 'BDG Ultimate Faux Leather Mini Skirt'}, {'brand': 'BDG | Urban Outfitters', 'price': '£13.00', 'images': 'https://imageseu.urbndata.com/is/image/UrbanOutfittersEU/0111593370072_040_b?$xlarge$&fit=constrain&qlt=80&wid=1314', 'product_name': 'BDG Luna Panelled Bandeau Corset Top'}, {'brand': 'Archive At UO | Urban Outfitters', 'price': '£9.00', 'images': 'https://imageseu.urbndata.com/is/image/UrbanOutfittersEU/0414643730322_020_b', 'product_name': 'Archive At UO Austin Leopard Print Cami'}, {'brand': 'BDG | Urban Outfitters', 'price': '£24.00', 'images': 'https://imageseu.urbndata.com/is/image/UrbanOutfittersEU/0125593370290_066_b', 'product_name': 'BDG Annie Longline Carpenter Pink Jorts'}, {'brand': 'Calvin Klein | Urban Outfitters', 'price': '£45.00', 'images': 'https://imageseu.urbndata.com/is/image/UrbanOutfittersEU/0113939600015_004_b?$xlarge$&fit=constrain&qlt=80&wid=1314', 'product_name': 'Calvin Klein Cropped Lounge T-shirt'}, {'brand': 'Champion', 'price': '£59.00', 'images': 'https://imageseu.urbndata.com/is/image/UrbanOutfittersEU/0221328240076_001_b?$xlarge$&fit=constrain&qlt=80&wid=1314', 'product_name': 'Champion Gan BDU Modern Track Pants'}, {'brand': 'BDG | Urban Outfitters', 'price': '£52.00', 'images': 'https://imageseu.urbndata.com/is/image/UrbanOutfittersEU/0122593371591_040_b?$xlarge$&fit=constrain&qlt=80&wid=1314', 'product_name': 'BDG Jaya Boxer Jeans'}, {'brand': 'BDG | Urban Outfitters', 'price': '£42.00', 'images': 'https://imageseu.urbndata.com/is/image/UrbanOutfittersEU/0215617930352_048_b?$xlarge$&fit=constrain&qlt=80&wid=1314', 'product_name': 'BDG Light Blue Arlo Crop Oxford Shirt'}, {'brand': 'Bench | Urban Outfitters', 'price': '15.00', 'images': 'https://imageseu.urbndata.com/is/image/UrbanOutfittersEU/0180903280077_001_b?$xlarge$&fit=constrain&qlt=80&wid=1314', 'product_name': 'Bench UO Exclusive Double Layer Cami'}, {'brand': 'Urban Renewal', 'price': '£15.00', 'images': 'https://imageseu.urbndata.com/is/image/UrbanOutfittersEU/0420738570006_001_b?$medium$&fit=constrain&hei=1046&qlt=80&wid=698', 'product_name': 'Urban Renewal Made From Remnants Saree Shirt'}, {'brand': 'Urban Renewal', 'price': '£45.00', 'images': 'https://imageseu.urbndata.com/is/image/UrbanOutfittersEU/0412621551778_066_b?$medium$&fit=constrain&hei=1046&qlt=80&wid=698', 'product_name': 'Urban Renewal One-Of-A-Kind The North Face Reworked Tank'}, {'brand': 'Urban Renewal', 'price': '£140.00', 'images': 'https://imageseu.urbndata.com/is/image/UrbanOutfittersEU/0412621551609_001_b?$medium$&fit=constrain&hei=1046&qlt=80&wid=698', 'product_name': 'Urban Renewal One-Of-A-Kind Burberry Jacket'}, {'brand': 'Urban Renewal', 'price': '£9.00', 'images': 'https://imageseu.urbndata.com/is/image/UrbanOutfittersEU/0420200720102_060_b?$medium$&fit=constrain&hei=1046&qlt=80&wid=698', 'product_name': 'Urban Renewal Vintage Red Crochet Cami Top'}, {'brand': 'Urban Renewal', 'price': '£8.00', 'images': 'https://imageseu.urbndata.com/is/image/UrbanOutfittersEU/0420345530001_060_b?$medium$&fit=constrain&hei=1046&qlt=80&wid=698', 'product_name': 'Urban Renewal Remade From Vintage Sport Polo Shirt'}, {'brand': 'Urban Renewal', 'price': '£15.00', 'images': 'https://imageseu.urbndata.com/is/image/UrbanOutfittersEU/0417652650954_030_b?$medium$&fit=constrain&hei=1046&qlt=80&wid=698', 'product_name': 'Urban Renewal Vintage Grunge Green Check Flannel Shirt'}, {'brand': 'Urban Renewal', 'price': '£209.00', 'images': 'https://imageseu.urbndata.com/is/image/UrbanOutfittersEU/0412621551558_091_b?$medium$&fit=constrain&hei=1046&qlt=80&wid=698', 'product_name': 'Urban Renewal One-Of-A-Kind JCP60s Denim Jacket'}, {'brand': 'Urban Renewal', 'price': '£8.00', 'images': 'https://imageseu.urbndata.com/is/image/UrbanOutfittersEU/0420345530002_040_b?$medium$&fit=constrain&hei=1046&qlt=80&wid=698', 'product_name': 'Urban Renewal Remade From Vintage Sport Polo Shirt'}, {'brand': 'Urban Renewal', 'price': '£11.00', 'images': 'https://imageseu.urbndata.com/is/image/UrbanOutfittersEU/0420439780011_023_b?$medium$&fit=constrain&hei=1046&qlt=80&wid=698', 'product_name': 'Urban Renewal Made From Remnants Button-Up T-Shirt'}, {'brand': 'Archive At UO', 'price': '£34.00', 'images': 'https://imageseu.urbndata.com/is/image/UrbanOutfittersEU/0415643730034_020_b?$medium$&fit=constrain&hei=1046&qlt=80&wid=698', 'product_name': 'Archive At UO Wilhelmina Harrington Jacket'}, {'brand': 'Archive At UO | Urban Outfitters', 'price': '£35.00', 'images': 'https://imageseu.urbndata.com/is/image/UrbanOutfittersEU/0414439780459_030_b?$xlarge$&fit=constrain&qlt=80&wid=1314', 'product_name': 'Archive At UO Kareem Lace-Up Long Sleeve Top'}, {'brand': 'BDG | Urban Outfitters', 'price': '12.00 GBP', 'images': 'https://imageseu.urbndata.com/is/image/UrbanOutfittersEU/0215617930315_095_b?$xlarge$&fit=constrain&qlt=80&wid=1314', 'product_name': 'BDG Cropped Flannel Shirt'}, {'brand': 'BDG | Urban Outfitters', 'price': '£49.00', 'images': 'https://imageseu.urbndata.com/is/image/UrbanOutfittersEU/0122593371575_434_b', 'product_name': 'BDG Kayla Lowrider Jeans'}, {'brand': 'BDG | Urban Outfitters', 'price': '£21.00', 'images': 'https://imageseu.urbndata.com/is/image/UrbanOutfittersEU/0120608870001_065_b', 'product_name': 'BDG Lily Cargo Mini Skirt'}, {'brand': 'BDG | Urban Outfitters', 'price': '13.00 GBP', 'images': 'https://imageseu.urbndata.com/is/image/UrbanOutfittersEU/0119477793005_060_b', 'product_name': 'BDG NYC 1990 Baby T-Shirt'}, {'brand': 'BDG | Urban Outfitters', 'price': '£21.00', 'images': 'https://imageseu.urbndata.com/is/image/UrbanOutfittersEU/0119347820042_010_b', 'product_name': 'BDG Original Baby T-Shirt'}, {'brand': 'BDG | Urban Outfitters', 'price': '£26.00', 'images': 'https://imageseu.urbndata.com/is/image/UrbanOutfittersEU/0120593370388_001_b?$xlarge$&fit=constrain&qlt=80&wid=1314', 'product_name': 'BDG Rose Denim Mini Kilt'}, {'brand': 'BDG | Urban Outfitters', 'price': '£36.00', 'images': 'https://imageseu.urbndata.com/is/image/UrbanOutfittersEU/0120593370348_001_b', 'product_name': 'BDG Ultimate Denim Mini Skirt'}, {'brand': 'BDG | Urban Outfitters', 'price': '£49.00', 'images': 'https://imageseu.urbndata.com/is/image/UrbanOutfittersEU/0122947480036_001_b?$xlarge$&fit=constrain&qlt=80&wid=1314', 'product_name': 'BDG Kayla Black Lowrider Jeans'}, {'brand': 'BDG | Urban Outfitters', 'price': '32.00', 'images': 'https://imageseu.urbndata.com/is/image/UrbanOutfittersEU/0122593371521_000_b', 'product_name': 'BDG Kayla Lowrider Mixed Jeans'}, {'brand': 'BDG | Urban Outfitters', 'price': '£62.00', 'images': 'https://imageseu.urbndata.com/is/image/UrbanOutfittersEU/0122593371595_001_b', 'product_name': 'BDG Kayla Lowrider Patch Jeans'}, {'brand': 'BDG | Urban Outfitters', 'price': '18.00 GBP', 'images': 'https://imageseu.urbndata.com/is/image/UrbanOutfittersEU/0120593370333_000_b', 'product_name': 'BDG Ruby Rara Check Mini Skirt'}, {'brand': 'BDG | Urban Outfitters', 'price': '£34.00', 'images': 'https://imageseu.urbndata.com/is/image/UrbanOutfittersEU/0114690510003_020_b', 'product_name': 'BDG Space-Dye Ribbed Knit Top'}, {'brand': 'BDG | Urban Outfitters', 'price': '£44.00', 'images': 'https://imageseu.urbndata.com/is/image/UrbanOutfittersEU/0215911400148_011_b?$xlarge$&fit=constrain&qlt=80&wid=1314', 'product_name': 'BDG White Broderie Shirt'}, {'brand': 'BDG | Urban Outfitters', 'price': '23.00 GBP', 'images': 'https://imageseu.urbndata.com/is/image/UrbanOutfittersEU/0111593370071_040_b', 'product_name': 'BDG Luna Print Denim Corset Top'}, {'brand': 'BDG | Urban Outfitters', 'price': '£16.00', 'images': 'https://imageseu.urbndata.com/is/image/UrbanOutfittersEU/0131582180136_066_b?$xlarge$&fit=constrain&qlt=80&wid=1314', 'product_name': 'BDG Axel Linen Utility Playsuit'}, {'brand': 'BDG | Urban Outfitters', 'price': '£27.00', 'images': 'https://imageseu.urbndata.com/is/image/UrbanOutfittersEU/0120593370387_042_b?$xlarge$&fit=constrain&qlt=80&wid=1314', 'product_name': 'BDG Cari Belted Denim Maxi Skirt'}, {'brand': 'BDG | Urban Outfitters', 'price': '£49.00', 'images': 'https://imageseu.urbndata.com/is/image/UrbanOutfittersEU/0122593371586_107_b', 'product_name': 'BDG Kayla Lowrider Tie Dye Jeans'}, {'brand': 'BDG | Urban Outfitters', 'price': '£42.00', 'images': 'https://imageseu.urbndata.com/is/image/UrbanOutfittersEU/0215617930351_010_b?$xlarge$&fit=constrain&qlt=80&wid=1314', 'product_name': 'BDG White Arlo Crop Oxford Shirt'}, {'brand': 'BDG | Urban Outfitters', 'price': '£17.00', 'images': 'https://imageseu.urbndata.com/is/image/UrbanOutfittersEU/0130657780780_010_b', 'product_name': 'BDG Rue Halterneck Mini Dress'}, {'brand': 'BDG | Urban Outfitters', 'price': '£52.00', 'images': 'https://imageseu.urbndata.com/is/image/UrbanOutfittersEU/0120593370416_001_b', 'product_name': 'BDG Sienna Prairie Midi Skirt'}, {'brand': 'BDG | Urban Outfitters', 'price': '31.00 GBP', 'images': 'https://imageseu.urbndata.com/is/image/UrbanOutfittersEU/0120593370417_004_b', 'product_name': 'BDG Ultimate Diamante Denim Mini Skirt'}, {'brand': 'adidas | Urban Outfitters', 'price': '£54.00', 'images': 'https://imageseu.urbndata.com/is/image/UrbanOutfittersEU/0315291620085_001_b?$xlarge$&fit=constrain&qlt=80&wid=1314', 'product_name': 'adidas Black VL Court 3.0 Trainers'}, {'brand': 'adidas | Urban Outfitters', 'price': '£72.00', 'images': 'https://imageseu.urbndata.com/is/image/UrbanOutfittersEU/0315291620117_020_b', 'product_name': 'adidas Brown Court Alpha Trainers'}, {'brand': 'adidas', 'price': '£68.00', 'images': 'https://imageseu.urbndata.com/is/image/UrbanOutfittersEU/0315291620114_030_b?$xlarge$&fit=constrain&qlt=80&wid=1314', 'product_name': 'adidas Green Court Alpha Trainers'}, {'brand': 'Ella Shea', 'price': '£10.00', 'images': 'https://imageseu.urbndata.com/is/image/UrbanOutfittersEU/0191456500030_066_b?$medium$&fit=constrain&hei=1046&qlt=80&wid=698', 'product_name': 'Ella Shea Heatless Hair Curler'}, {'brand': 'Sunday Rain', 'price': '£6.00', 'images': 'https://imageseu.urbndata.com/is/image/UrbanOutfittersEU/0194931650012_000_b?$medium$&fit=constrain&hei=1046&qlt=80&wid=698', 'product_name': 'Sunday Rain Acai Berry Body Scrub'}, {'brand': 'UO', 'price': '', 'images': 'https://imageseu.urbndata.com/is/image/UrbanOutfittersEU/0125613670011_020_b1?$medium$&fit=constrain&hei=1046&qlt=80&wid=698', 'product_name': 'UO Poplin Vintage Floral Shorts'}, {'brand': 'Koi', 'price': '£37.00', 'images': 'https://imageseu.urbndata.com/is/image/UrbanOutfittersEU/0311906440030_001_b?$medium$&fit=constrain&hei=1046&qlt=80&wid=698', 'product_name': 'Koi Black Faux-Leather Vigo Heeled Loafers'}, {'brand': 'BDG', 'price': '£36.00', 'images': 'https://imageseu.urbndata.com/is/image/UrbanOutfittersEU/0151972620031_092_b', 'product_name': 'BDG Zip-Up Denim Sling Bag'}, {'brand': 'Bluebella | Urban Outfitters', 'price': '£15.00', 'images': 'https://imageseu.urbndata.com/is/image/UrbanOutfittersEU/0141450840059_010_b', 'product_name': 'Bluebella Naomi Mesh Thong'}, {'brand': 'Bluebella', 'price': '£30.00', 'images': 'https://imageseu.urbndata.com/is/image/UrbanOutfittersEU/0140450840047_060_b', 'product_name': 'Bluebella Samara Wired Bra'}]",Fashion Brand,Clothing,Unisex,Unknown,Apparel,Clothing,,,
,H&M,Pants,Unisex,Unknown,Apparel,Pants,$ 25.99,"https://lp2.hm.com/hmgoepprod?set=source[/8f/85/8f85540515140c3d2f464ce78d77a9bfe163472b.jpg],origin[dam],category[],type[DESCRIPTIVESTILLLIFE],res[m],hmver[2]&call=url[file:/product/style]",Skinny Fit Suit Pants
,H&M,Pants,Unisex,Unknown,Apparel,Pants,$ 39.99,"https://lp2.hm.com/hmgoepprod?set=source[/9a/11/9a113712bb917e853c24d444d7bf6dda63e84f0b.jpg],origin[dam],category[],type[DESCRIPTIVESTILLLIFE],res[m],hmver[2]&call=url[file:/product/style]",Slim Fit Suit Pants
,H&M,Jacket,Unisex,Unknown,Apparel,Jacket,$ 99.00,"https://lp2.hm.com/hmgoepprod?set=source[/5e/96/5e96bc27780b7002c2d97993b4f94bbfde01d610.jpg],origin[dam],category[men_blazerssuits_blazers],type[DESCRIPTIVESTILLLIFE],res[m],hmver[2]&call=url[file:/product/style]",Slim Fit Linen Jacket
,H&M,Jacket,Unisex,Unknown,Apparel,Jacket,$ 74.99,"https://lp2.hm.com/hmgoepprod?set=source[/3d/10/3d106503248abe68a48c5e4401629979bb9c6f77.jpg],origin[dam],category[],type[DESCRIPTIVESTILLLIFE],res[m],hmver[2]&call=url[file:/product/style]",Skinny Fit Single-Breasted Jacket
,H&M,Pants,Unisex,Unknown,Apparel,Pants,$ 24.99,"https://lp2.hm.com/hmgoepprod?set=source[/cd/d7/cdd7aea4d00fc65196abef349fa469ee23b3d22b.jpg],origin[dam],category[],type[DESCRIPTIVESTILLLIFE],res[m],hmver[2]&call=url[file:/product/style]",Slim Fit Cotton Twill Pants
,H&M,Shirt,Unisex,Unknown,Apparel,Shirt,$ 19.99,"https://lp2.hm.com/hmgoepprod?set=source[/89/83/898396242549d47ec8c92fa2891cf68d2768b51d.jpg],origin[dam],category[],type[DESCRIPTIVESTILLLIFE],res[m],hmver[2]&call=url[file:/product/style]",Slim Fit Cotton Turtleneck Shirt
,H&M,Sweater,Unisex,Unknown,Apparel,Sweater,$ 29.99,"https://lp2.hm.com/hmgoepprod?set=source[/2b/2e/2b2e6614657957bfab045b7e011528bc8717d9f9.jpg],origin[dam],category[men_cardigansjumpers_jumpers],type[DESCRIPTIVESTILLLIFE],res[m],hmver[2]&call=url[file:/product/style]",Slim Fit Sweater
,H&M,Shirt,Unisex,Unknown,Apparel,Shirt,$ 24.99,"https://lp2.hm.com/hmgoepprod?set=source[/ce/b4/ceb46f7bb3c8e3d1e6c8e2736a026802482d7645.jpg],origin[dam],category[men_shirts_longsleeved],type[DESCRIPTIVESTILLLIFE],res[m],hmver[2]&call=url[file:/product/style]",Slim Fit Shirt
,H&M,Pants,Unisex,Unknown,Apparel,Pants,$ 34.99,"https://lp2.hm.com/hmgoepprod?set=source[/f0/23/f023dc8de56549f3a1e0725c5503162a57eea134.jpg],origin[dam],category[],type[DESCRIPTIVESTILLLIFE],res[m],hmver[2]&call=url[file:/product/style]",Slim Fit Pants
,H&M,Shirt,Unisex,Unknown,Apparel,Shirt,$ 19.99,"https://lp2.hm.com/hmgoepprod?set=source[/c7/d4/c7d49cef60f9d196d2f5347815f416bba7d4b636.jpg],origin[dam],category[men_shirts_shortsleeved],type[DESCRIPTIVESTILLLIFE],res[m],hmver[2]&call=url[file:/product/style]",Muscle Fit Cotton Shirt
,H&M,Pants,Unisex,Unknown,Apparel,Pants,$ 39.99,"https://lp2.hm.com/hmgoepprod?set=source[/40/8b/408b6e788f71b4cdadf1a824af0cb3c9d19a4523.jpg],origin[dam],category[],type[DESCRIPTIVESTILLLIFE],res[m],hmver[2]&call=url[file:/product/style]",Slim Fit Jersey Suit Pants
,H&M,Shirt,Unisex,Unknown,Apparel,Shirt,$ 19.99,"https://lp2.hm.com/hmgoepprod?set=source[/f9/2b/f92b87f6a4658d7a7783c26b368dadd738f89a03.jpg],origin[dam],category[],type[DESCRIPTIVESTILLLIFE],res[m],hmver[2]&call=url[file:/product/style]",Muscle Fit Band-collar Shirt
,H&M,Clothing,Unisex,Unknown,Apparel,Clothing,$ 31.99,"https://lp2.hm.com/hmgoepprod?set=source[/65/b9/65b9bf8bd463702dbe63cd6b227a8f2872a04951.jpg],origin[dam],category[],type[DESCRIPTIVESTILLLIFE],res[m],hmver[2]&call=url[file:/product/style]",Slim Fit Suit Vest
